{
    "name": "root",
    "gauges": {
        "ListeningAgent.Policy.Entropy.mean": {
            "value": 1.0265196561813354,
            "min": 1.0265196561813354,
            "max": 1.087865948677063,
            "count": 11
        },
        "ListeningAgent.Environment.EpisodeLength.mean": {
            "value": 34.88505747126437,
            "min": 34.44375484871994,
            "max": 39.73534201954397,
            "count": 11
        },
        "ListeningAgent.Policy.ExtrinsicValueEstimate.mean": {
            "value": 0.3170222043991089,
            "min": 0.24837255477905273,
            "max": 0.3376099169254303,
            "count": 11
        },
        "ListeningAgent.Environment.CumulativeReward.mean": {
            "value": 0.357323275873673,
            "min": 0.29026505249865603,
            "max": 0.4030721649000852,
            "count": 11
        },
        "ListeningAgent.Policy.ExtrinsicReward.mean": {
            "value": 0.357323275873673,
            "min": 0.29026505249865603,
            "max": 0.4030721649000852,
            "count": 11
        },
        "ListeningAgent.IsTraining.mean": {
            "value": 1.0,
            "min": 1.0,
            "max": 1.0,
            "count": 11
        },
        "ListeningAgent.Losses.ValueLoss.mean": {
            "value": 0.15905539691448212,
            "min": 0.15905539691448212,
            "max": 0.16441482305526733,
            "count": 5
        },
        "ListeningAgent.Losses.PolicyLoss.mean": {
            "value": 0.024851512163877487,
            "min": 0.02251492068171501,
            "max": 0.02596508339047432,
            "count": 5
        },
        "ListeningAgent.Policy.LearningRate.mean": {
            "value": 0.0002500000118743628,
            "min": 0.0002500000118743628,
            "max": 0.0002500000118743628,
            "count": 5
        },
        "ListeningAgent.Policy.Epsilon.mean": {
            "value": 0.20000003278255463,
            "min": 0.20000003278255463,
            "max": 0.20000003278255463,
            "count": 5
        },
        "ListeningAgent.Policy.Beta.mean": {
            "value": 0.0010000000474974513,
            "min": 0.0010000000474974513,
            "max": 0.0010000000474974513,
            "count": 5
        }
    },
    "metadata": {
        "timer_format_version": "0.1.0",
        "start_time_seconds": "1600648324",
        "python_version": "3.7.5 (default, Nov  7 2019, 10:50:52) \n[GCC 8.3.0]",
        "command_line_arguments": "/home/petros/venv_tensorflow_2.3/bin/mlagents-learn ListeningAgent.yaml --run-id=three_speakers_1_clip --no-graphics --resume",
        "mlagents_version": "0.19.0",
        "mlagents_envs_version": "0.19.0",
        "communication_protocol_version": "1.0.0",
        "tensorflow_version": "2.3.0",
        "numpy_version": "1.18.5",
        "end_time_seconds": "1600672897"
    },
    "total": 24573.154011235005,
    "count": 1,
    "self": 0.0023794029984856024,
    "children": {
        "run_training.setup": {
            "total": 0.0037285710059222765,
            "count": 1,
            "self": 0.0037285710059222765
        },
        "TrainerController.start_learning": {
            "total": 24573.147903261,
            "count": 1,
            "self": 9.695678700321878,
            "children": {
                "TrainerController._reset_env": {
                    "total": 24.29582929299795,
                    "count": 1,
                    "self": 24.29582929299795
                },
                "TrainerController.advance": {
                    "total": 24539.024852879666,
                    "count": 562377,
                    "self": 4.604579554928932,
                    "children": {
                        "env_step": {
                            "total": 24534.420273324737,
                            "count": 562377,
                            "self": 24123.1408474205,
                            "children": {
                                "SubprocessEnvManager._take_step": {
                                    "total": 407.1611001393321,
                                    "count": 562377,
                                    "self": 8.48792745082028,
                                    "children": {
                                        "TFPolicy.evaluate": {
                                            "total": 398.67317268851184,
                                            "count": 548927,
                                            "self": 398.67317268851184
                                        }
                                    }
                                },
                                "workers": {
                                    "total": 4.118325764902693,
                                    "count": 562376,
                                    "self": 0.0,
                                    "children": {
                                        "worker_root": {
                                            "total": 24563.66376650324,
                                            "count": 562376,
                                            "is_parallel": true,
                                            "self": 708.5480274391739,
                                            "children": {
                                                "run_training.setup": {
                                                    "total": 0.0,
                                                    "count": 0,
                                                    "is_parallel": true,
                                                    "self": 0.0,
                                                    "children": {
                                                        "steps_from_proto": {
                                                            "total": 0.0004922420048387721,
                                                            "count": 1,
                                                            "is_parallel": true,
                                                            "self": 7.63500138418749e-05,
                                                            "children": {
                                                                "_process_vector_observation": {
                                                                    "total": 0.0004158919909968972,
                                                                    "count": 2,
                                                                    "is_parallel": true,
                                                                    "self": 0.0004158919909968972
                                                                }
                                                            }
                                                        },
                                                        "UnityEnvironment.step": {
                                                            "total": 0.015395971000543796,
                                                            "count": 1,
                                                            "is_parallel": true,
                                                            "self": 8.70180010679178e-05,
                                                            "children": {
                                                                "UnityEnvironment._generate_step_input": {
                                                                    "total": 5.906099977437407e-05,
                                                                    "count": 1,
                                                                    "is_parallel": true,
                                                                    "self": 5.906099977437407e-05
                                                                },